ITEM,DAILY RATE ($),,,
AUTOMOTIVE,,,,
Angle Drill 1/2In,$44,,,
Angle Drill 1/4In,$33,,,
Axle Stands,$20,,,
Ch Hoist,$28,,,
Floor Jack 2 Ton,$20,,,
Grinder 4.5,$18,,,
Grinder 7,$24,,,
Impwrench 3/8,$20,,,
Impwrench1/2,$32,,,
Mag Drill,$90,,,
Porta Crane,$55,,,
Porta Power,$45,,,
Puller 2 Jaw,$16,,,
Puller 3 Jaw,$16,,,
Puller Harmonic,$16,,,
Torquewrench1/2,$25,,,
Twrench3/8,$19,,,
CARPENTERS TOOLS,,,,
Albrake,$85,,,
Angle Drill 1/4In,$33,,,
Angle Druil;L 1/2,$44,,,
Builders Level,$44,,,
Fl Lt Med,$28,,,
Fl Ltlg,$40,,,
Ins Blower,$80,,,
Jigsaw,$20,,,
Laser Level,$72,,,
Mitre Saw,$44,,,
Nail Puller,$12,,,
Panel Lift 11,$42,,,
Panel Lift 14,$44,,,
Prybar,$10,,,
Sawzall,$28,,,
Skilsaw,$24,,,
Skledge Hammer,$10,,,
Tape Measure 100Ft,$12,,,
Undercut Saw,$44,,,
COMPACTION,,,,
Compa100,$58,,,
Compa1100,$140,,,
Compa1300,$200,,,
Compa160,$58,,,
Compa200,$60,,,
Compa400,$75,,,
Compa500,$75,,,
Compapad,$11,,,
Htamper,$10,,,
Jjack,$70,,,
COMPRESSORS,,,,
Air Hose 1/4X50,$8,,,
Air Hose 3/4X50,$8,,,
Bits Per Inch Dia,$9,,,
Blowpipe,$12,,,
Chipper 15Lb,$42,,,
Compressor 25Hp Gas,$90,,,
Compressor 2Hp,$42,,,
Compressor 3Hp,$50,,,
Compressor 5Hp Gas,$60,,,
Compressor 8Hp Gas,$70,,,
Drill Steel 2Ft,$15,,,
Drill Steel 3Ft,$15,,,
Drill Steel 6Ft,$15,,,
Hood For Above,$10,,,
Jack Hammer Air,$65,,,
Line Oiler,$9,,,
Rock Drill,$65,,,
Sandblaster Ned,$48,,,
CONCRETE EQUIPMENT,,,,
Bullfloat,$24,,,
Cem Vib 1.5In,$40,,,
Cem Vib Pencil,$40,,,
Cem Vib Pencil Bat,$40,,,
Cement Mixer 3 Bag,$54,,,
Cement Mixer Towable,$100,,,
Dia Fl Grinder,$200,,,
Dia Fl Grinder Vacuum,$60,,,
Edco Floor Grinder,$200,,,
Electric Chipper Bosch,$70,,,
Electric Chipper Hitachi,$70,,,
Impact Drill,$26,,,
Jack Hammer Air,$65,,,
Jack Hammer Electric,$80,,,
Jack Hammer Gas,$140,,,
Pavestone Breaker,$35,,,
Rotary Hammer Drill Battery,$68,,,
Rotary Hammer Drill Up To 5In,$68,,,
Rotary Hammer Small Cw 1/2In Bit,$40,,,
Screed,$80,,,
Screed Bat,$80,,,
Wheel Barrow,$15,,,
FASTENING,,,,
Hardwood Stapler,$30,,,
Nailer Finishing,$25,,,
Nailer Framing,$33,,,
Nailer Roofing,$33,,,
Shingle Shovel,$14,,,
Sub Floor Screw Gun,$42,,,
Sub Floor Stapler,$27,,,
FLOORING,,,,
Air Cooler,$60,,,
Air Scrubber,$60,,,
Carpet Cleaner,$40,,,
Carpet Seam Iron,$25,,,
Carpet Stretcher,$20,,,
Ceramic Tile Cutter Lg,$26,,,
Ceramic Tile Cutter Sm,$20,,,
Ceramic Tile Saw Lg 48In,$100,,,
Ceramic Tile Saw Med 24In,$50,,,
Ceramic Tile Saw Sm,$30,,,
Dehumidifier Lg,$40,,,
Dehumidifier Xlg,$50,,,
Diamond Attachfor Above,$40,,,
Fan Barrel,$45,,,
Fan Carpet,$28,,,
Fan Drum 36In,$35,,,
Fan Drum 48In,$40,,,
Fan Pedestal,$25,,,
Fan Regular,$20,,,
Fan Ventilation 12In,$44,,,
Fan Ventilation 8In,$34,,,
Floor Drum Sander,$68,,,
Floor Edger,$48,,,
Floor Maintainer 17In,$50,,,
Floor Sander Orbitech,$56,,,
Floor Sander Orbitech With Vac,$68,,,
Laminate Floor Cutter,$17,,,
Sanding Attach For Above,$10,,,
Tile Remover Manual,$15,,,
Tile Roller 100 Lb,$25,,,
Upholstery Attachment,$7,,,
Vacuum,$40,,,
GENERATORS,,,,
Generator 1900W,$55,,,
Generator 2800W,$60,,,
Generator 3000W,$70,,,
Generator 4800W,$85,,,
Generator 7200W,$90,,,
Generator 9000W,$100,,,
Plugs 20Amp,$5,,,
Plugs 30Amp,$5,,,
Suitcase 2000W Inverter,$62,,,
Suitcase 3500W Inverter,$72,,,
HEATERS,,,,
10000 W Electric 240V,$45,,,
10000W Emergency Heater 240,$45,,,
1500W Baseboard Heater,$12,,,
1500W Construction Htr,$16,,,
4800W Electric 220V,$14,,,
Diesel Ind Fired 230000 Btu,$100,,,
Kerosene 70000 Btu 120V,$34,,,
Propane 120000 Btu,$24,,,
Propane 150000Btu Salamamnder,$30,,,
Propane 70000 Btu,$34,,,
LAWN & GARDEN,,,,
10In,$6,,,
12In,$8,,,
14In,$11,,,
6In Included With Auger Rental,$0,,,
8In,$4,,,
Aeriator,$72,,,
Branch Chipper,$175,,,
Brush Cutter,$70,,,
Bush Hog,$95,,,
Com-A-Long,$18,,,
Dethatcher,$90,,,
Fence Stretcher,$23,,,
Front Tyne,$75,,,
Hedge Trim G,$42,,,
Hedge Trimmer Bat,$40,,,
Inv Fence Installer,$60,,,
Landscape Rake,$12,,,
Lawn Roller 300,$15,,,
Lawn Roller 450 Towable,$20,,,
Lawn Seeder Towable,$30,,,
Lawn Seeder/Fertilizer,$15,,,
Lawn Sweeper,$34,,,
Lawnmower Gas,$33,,,
Leaf Blower Backpack,$48,,,
Log Splitter 20 Ton Hor/Vert,$90,,,
Metal Detector,$34,,,
Metal Detector Cst,$60,,,
Mid Tyne,$85,,,
Mini,$60,,,
Overseeder,$110,,,
Parking Lot Sweeper,$100,,,
Pavestone Vac,$120,,,
Pole Saw,$74,,,
Post Driver,$10,,,
Post Driver Gas,$72,,,
Post Hole Auger 2 Man,$85,,,
Post Hole Auger Hydraulic 1Man,$85,,,
Post Hole Auger Hydraulic Towable,$100,,,
Post Hole Auger Man 3Ft/6Ft,$12,,,
Power Broom,$84,,,
Rear Tyne,$100,,,
Sod Cutter,$110,,,
Stump Grinder,$140,,,
Tree Pruner,$21,,,
Trencher 2Ft,$155,,,
Trencher 3Ft,$200,,,
Wheelbarrow,$15,,,
Whipper Snipper,$40,,,
LOADERS,,,,
12In Bit,$18,,,
24In Bit,$40,,,
9In Bit,$0,,,
Backhoe 20Hp,$275,,,
Backhoe 25 Hp,$285,,,
Mini-Excavator 1 Ton,$240,,,
Mini-Excavator 2 Ton,$285,,,
Mini-Excavator 3 Ton,$330,,,
Mini-Excavator 4 Ton,$350,,,
Mt100,$290,,,
Mt52,$250,,,
Mt52 Aug Attach,$150,,,
Mt52 Jham Attach,$200,,,
Skid Steer S450,$275,,,
Skid Steer S550,$385,,,
Skid Steer S570,$275,,,
Skid Steer S70,$250,,,
Skid Steer T450,$375,,,
MATERIAL HANDLING,,,,
Appliance Dolly,$22,,,
Box Dolly,$12,,,
Genie Lift,$80,,,
Jack Hyd,20/30,,,
Pallet Truck,$40,,,
Screw Jack,$12,,,
Shoring Jack,$10,,,
PAINT EQUIP,,,,
Bakers Scaffold,$24,,,
Biljax 35Ft,$350,,,
Biljax 45Ft,$400,,,
Ladder 24Ft,$24,,,
Ladder 32Ft,$27,,,
Ladder 40Ft,$42,,,
Line Marker,$28,,,
Manlift Small Electric,$140,,,
Scissor Lift 19Ft Slab,$150,,,
Scissor Lift 25Ft Slab,$180,,,
Shingle Ladder,$95,,,
Stairway Ladder,$36,,,
Step Ladder 10Ft,$16,,,
Step Ladder 12Ft,$18,,,
Text Gun Only,$20,,,
Texture Gun W/Compressor,$70,,,
Wallpaper Steamer,$33,,,
PLUMBING,,,,
Dies Fror Above,$10,,,
Pex Crimpers,$16,,,
Pipe Cutter,$15,,,
Pipe Die Adjustable,$22,,,
Pipe Reamer,$16,,,
Pipe Thawer Air Assist,$90,,,
Pipe Thawer Electric,$74,,,
Pipe Threader Ratchet,$14,,,
Pipe Vice Stand,$21,,,
Pipe Wrench 36In,$20,,,
Sewer Rod 100Ft,$38,,,
Snake Electric 1/2 X 100 Ft,$92,,,
Snake Electric 5/16 X 25Ft,$44,,,
Snake Electric 5/8 X 100 Ft,$100,,,
Snake Insp Camera,$190,,,
Snake Manual 1/2 X 50,$44,,,
Snake Manualm 5/16X 25,$20,,,
Snake Toilet,$18,,,
Soil Pipe Cutter,$40,,,
PRESSURE WASHERS,,,,
Extendable Wand,$14,,,
Pressure Washer 1500Psi Electric,$60,,,
Pressure Washer 2000Psi Gas,$80,,,
Pressure Washer 3000Psi Gas,$90,,,
Pressure Washer 4000Psi Gas,$100,,,
SAWS,,,,
Chain Saw Battery,$52,,,
Chain Saw Gas 16/18In,$52,,,
Chain Saw Gas 24In,$62,,,
Chop Saw Electric,$44,,,
Circular Saw,$24,,,
Compound Miter Saw,$44,,,
Dia Blade Rental 12In,$28,,,
Dia Blade Rental 14In,$30,,,
Dia Blade Rental 18In,$45,,,
Polesaw,$74,,,
Quick Cut Bat 14 In,$65,,,
Quick Cut Gas 12In,$58,,,
Quick Cut Gas 14In,$65,,,
Quick Cut Gas Bat 9In,$60,,,
Road Saw Gas 14In,$100,,,
Road Saw Gas 18In,$145,,,
Sawzall,$24,,,
Undercut Saw,$44,,,
SCAFFOLD,,,,
Banana Clips Ea,$1,,,
Boom And Pulley,$13,,,
Casters 8In Ea,$4,,,
Feet Ea,$2,,,
Levellers Ea,$5,,,
Outriggers,$4,,,
Plank Extensions,$5,,,
Rail System,$15,,,
Scaffold Brace 7Ft Or 10Ft,$2,,,
Scaffold End 5X5,$4,,,
Scaffold Planks 10Ft,$10,,,
Scaffold Planks 7Ft,$10,,,
Scaffold Section 2Ends 2 Braces,$10,,,
WATER PUMPS,,,,
2In Hoses W/Pump,$9,,,
3In Hoses W/Pump,$10,,,
4In Hoses W/Pump,$12,,,
Diaphragm Pump 2In,$85,,,
Puddle Pump/Roofers Pump,$25,,,
Semi-Trash 2In,$60,,,
Semi-Trash 3In,$75,,,
Semi-Trash 4In,$100,,,
Submersible Pump 2In 120V,$38,,,
Submersible Pump 3In 120V,$48,,,
Submersible Pump 3In 240 V,$80,,,
Water Bed Pump,$25,,,