Category,Name,Image URL,Day ($),Week ($),Month ($),Notes
Automotive,"Angle Drill 1/4""",https://firststoprentals.com/wp-content/uploads/2021/01/angledrill.jpg,33.0,132.0,396.0,Extension cord provided.
Automotive,Auto Jack 2 Ton,https://firststoprentals.com/wp-content/uploads/2017/05/2tonfloorjack.bmp,20.0,80.0,240.0,
Automotive,Assorted Pullers,https://firststoprentals.com/wp-content/uploads/2021/01/Puller-Assorted.jpg,13.0,52.0,156.0,
Automotive,Axle Stands (Pair),https://firststoprentals.com/wp-content/uploads/2021/01/axlestands.jpg,20.0,80.0,240.0,
Automotive,Chain Hoist (1Ton),https://firststoprentals.com/wp-content/uploads/2017/05/Chain-Hoist.jpg,28.0,112.0,336.0,
Automotive,Coil Spring Compressor,https://firststoprentals.com/wp-content/uploads/2017/05/coil-sp-comp.jpg,90.0,360.0,1080.0,
Automotive,"Grinder 4.5""",https://firststoprentals.com/wp-content/uploads/2017/05/grinder-4.5in.jpg,18.0,72.0,216.0,Extension cord provided.
Automotive,"Grinder 7""",https://firststoprentals.com/wp-content/uploads/2017/05/grinder7in.jpg,24.0,96.0,288.0,Extension cord provided.
Automotive,Hydraulic Frame Repair Kit,https://firststoprentals.com/wp-content/uploads/2017/05/portahydpress.jpg,85.0,340.0,1020.0,
Automotive,Harmonic Puller,https://firststoprentals.com/wp-content/uploads/2017/05/harmonicpuller.jpg,16.0,64.0,192.0,
Automotive,Puller 2 Jaw,https://firststoprentals.com/wp-content/uploads/2017/05/puller2jaw.jpg,16.0,64.0,192.0,
Automotive,Puller 3 Jaw,https://firststoprentals.com/wp-content/uploads/2017/05/puller3jaw.jpg,16.0,64.0,192.0,
Automotive,"Impact Wrench 3/8""",https://firststoprentals.com/wp-content/uploads/2020/07/106098159_1620016738173554_713309936695896525_o.jpg,20.0,80.0,240.0,(Camera shy)
Automotive,"Impact Wrench 1/2""",https://firststoprentals.com/wp-content/uploads/2020/07/106098159_1620016738173554_713309936695896525_o.jpg,32.0,128.0,384.0,(Camera shy)
Automotive,Impact Wrench Electric,https://firststoprentals.com/wp-content/uploads/2017/05/impact-gun12.jpg,20.0,80.0,240.0,Extension cord provided.
Automotive,Magnetic Drill,https://firststoprentals.com/wp-content/uploads/2021/01/magdrill.jpg,90.0,360.0,1080.0,Extension cord provided.
Automotive,Porta Crane,https://firststoprentals.com/wp-content/uploads/2017/05/portacrane.jpg,55.0,220.0,660.0,
Automotive,"Torque Wrench 3/8""",https://firststoprentals.com/wp-content/uploads/2017/05/torquewrench38.jpg,20.0,80.0,240.0,
Automotive,"Torque Wrench 1/2""",https://firststoprentals.com/wp-content/uploads/2017/05/torquewrench12.jpg,20.0,80.0,240.0,
Carpenter Tools,Aluminum Brake,https://firststoprentals.com/wp-content/uploads/2017/05/albrake.jpg,85.0,340.0,1020.0,"Used for fascia, trim around windows, etc."
Carpenter Tools,Builders Level,https://firststoprentals.com/wp-content/uploads/2017/05/builderslevel.jpg,44.0,176.0,528.0,$44Day
Carpenter Tools,Compound Mitre Saw,https://firststoprentals.com/wp-content/uploads/2017/05/mitresaw.jpg,44.0,176.0,528.0,$44Day | Extension cord provided.
Carpenter Tools,Drywall Panel Lift 11ft.,https://firststoprentals.com/wp-content/uploads/2017/05/panlift15.jpg,42.0,168.0,504.0,
Carpenter Tools,Drywall Panel Lift 14ft.,https://firststoprentals.com/wp-content/uploads/2017/05/panlift15.jpg,42.0,168.0,504.0,
Carpenter Tools,Drywall Gun,https://firststoprentals.com/wp-content/uploads/2017/05/drywallgun.jpg,42.0,168.0,504.0,Extension cord provided.
Carpenter Tools,Flood Lights Large,https://firststoprentals.com/wp-content/uploads/2020/07/106098159_1620016738173554_713309936695896525_o.jpg,24.0,96.0,288.0,Extension cord provided. | (Camera shy)
Carpenter Tools,Flood Lights Medium,https://firststoprentals.com/wp-content/uploads/2020/07/106098159_1620016738173554_713309936695896525_o.jpg,24.0,96.0,288.0,Extension cord provided. | (Camera shy)
Carpenter Tools,Laser Level,https://firststoprentals.com/wp-content/uploads/2017/05/laserlevel.jpg,72.0,288.0,864.0,
Carpenter Tools,Laser Level for Suspended Ceiling,https://firststoprentals.com/wp-content/uploads/2020/07/106098159_1620016738173554_713309936695896525_o.jpg,72.0,288.0,864.0,(Camera shy)
Carpenter Tools,Jig Saw,https://firststoprentals.com/wp-content/uploads/2021/02/jigsaw.jpg,20.0,80.0,240.0,Extension cord provided.
Carpenter Tools,Nail Puller,https://firststoprentals.com/wp-content/uploads/2017/05/nailpuller.jpg,12.0,48.0,144.0,
Carpenter Tools,Prybar 5ft,https://firststoprentals.com/wp-content/uploads/2021/02/prybar.jpg,350.0,1400.0,4200.0,
Carpenter Tools,Right Angle Drill,https://firststoprentals.com/wp-content/uploads/2020/07/106098159_1620016738173554_713309936695896525_o.jpg,44.0,176.0,528.0,Extension cord provided. | (Camera shy)
Carpenter Tools,Sawzall,https://firststoprentals.com/wp-content/uploads/2017/05/sawzall.jpg,24.0,96.0,288.0,Extension cord provided. | (AKA Reciprocating Saw)
Carpenter Tools,Skill Saw,https://firststoprentals.com/wp-content/uploads/2020/07/106098159_1620016738173554_713309936695896525_o.jpg,24.0,96.0,288.0,Extension cord provided. | (Camera shy)
Carpenter Tools,Sledge Hammer,https://firststoprentals.com/wp-content/uploads/2017/05/slhammer.jpg,65.0,260.0,780.0,
Carpenter Tools,Undercut Saw,https://firststoprentals.com/wp-content/uploads/2020/07/106098159_1620016738173554_713309936695896525_o.jpg,44.0,176.0,528.0,Extension cord provided. | (Camera shy)
Compaction,Compactor 100lb.,https://firststoprentals.com/wp-content/uploads/2017/05/compa160.jpg,58.0,232.0,696.0,"For 1-2"" fill"
Compaction,Compactor 160lb.,https://firststoprentals.com/wp-content/uploads/2017/05/compa100.jpg,58.0,232.0,696.0,"For 2-3"" fill"
Compaction,Compactor 200lb.,https://firststoprentals.com/wp-content/uploads/2017/05/compa200.jpg,60.0,240.0,720.0,"For 3-4"" fill"
Compaction,Compactor 400lb.,https://firststoprentals.com/wp-content/uploads/2020/07/106098159_1620016738173554_713309936695896525_o.jpg,75.0,300.0,900.0,"For 6-8"" fill | (Camera shy)"
Compaction,Compactor 1300lb.,https://firststoprentals.com/wp-content/uploads/2017/05/compa1300.jpg,200.0,800.0,2400.0,"For 12-24"" fill"
Compaction,Compactor 1000lb.,https://firststoprentals.com/wp-content/uploads/2020/07/106098159_1620016738173554_713309936695896525_o.jpg,58.0,232.0,696.0,"$1896 | For 12-18"" fill | (Camera shy)"
Compaction,Compactor 1100lb.,https://firststoprentals.com/wp-content/uploads/2020/07/106098159_1620016738173554_713309936695896525_o.jpg,140.0,560.0,1680.0,"For 12-18"" fill | (Camera shy)"
Compaction,Hand Tamper,https://firststoprentals.com/wp-content/uploads/2017/05/htamper.jpg,10.0,40.0,120.0,
Compaction,Jumping Jack,https://firststoprentals.com/wp-content/uploads/2017/05/jjackw.gif,20.0,80.0,240.0,"For 6"" fill"
Compressors,"Air Hose 3/4"" x 50 ft.",https://firststoprentals.com/wp-content/uploads/2017/05/airhose.25.bmp,8.0,32.0,96.0,
Compressors,Blow Pipe,https://firststoprentals.com/wp-content/uploads/2020/07/106098159_1620016738173554_713309936695896525_o.jpg,12.0,48.0,144.0,(Camera shy)
Compressors,Chipper Air 30 lb.,https://firststoprentals.com/wp-content/uploads/2020/07/106098159_1620016738173554_713309936695896525_o.jpg,60.0,240.0,720.0,(Camera shy)
Compressors,Compressor 2 hp,https://firststoprentals.com/wp-content/uploads/2017/05/compr2hp.jpg,90.0,360.0,1080.0,
Compressors,Compressor 3 hp,https://firststoprentals.com/wp-content/uploads/2017/05/compr3hp.jpg,50.0,200.0,600.0,Vertical Compressor
Compressors,Compressor 5 hp Gas,https://firststoprentals.com/wp-content/uploads/2017/05/compr5hpg.jpg,90.0,360.0,1080.0,
Compressors,Compressor 25 hp Gas,https://firststoprentals.com/wp-content/uploads/2017/05/compr20hp.jpg,90.0,360.0,1080.0,
Compressors,Jack Hammer - For 25hp Compressor,https://firststoprentals.com/wp-content/uploads/2017/05/jhama.jpg,90.0,360.0,1080.0,
Compressors,Drill Steel,https://firststoprentals.com/wp-content/uploads/2020/07/106098159_1620016738173554_713309936695896525_o.jpg,15.0,60.0,180.0,Different sizes available. | (Camera shy)
Compressors,Bits (per inch),https://firststoprentals.com/wp-content/uploads/2020/07/106098159_1620016738173554_713309936695896525_o.jpg,9.0,36.0,108.0,(Camera shy)
Compressors,Line Oiler,https://firststoprentals.com/wp-content/uploads/2020/07/106098159_1620016738173554_713309936695896525_o.jpg,9.0,36.0,108.0,(Camera shy)
Compressors,Rock Drill,https://firststoprentals.com/wp-content/uploads/2017/05/rockdrill.jpg,65.0,260.0,780.0,
Compressors,Sandblaster,https://firststoprentals.com/wp-content/uploads/2017/05/sblastlg.bmp,48.0,192.0,576.0,
Compressors,Hood for Sandblaster,https://firststoprentals.com/wp-content/uploads/2020/07/106098159_1620016738173554_713309936695896525_o.jpg,10.0,40.0,120.0,(Camera shy)
Concrete Equipment,Bull Float,https://firststoprentals.com/wp-content/uploads/2017/05/bullfloat.jpg,24.0,96.0,288.0,
Concrete Equipment,Cement Screed,https://firststoprentals.com/wp-content/uploads/2017/05/screed.jpg,54.0,216.0,648.0,Gas Powered
Concrete Equipment,Cement Mixer,https://firststoprentals.com/wp-content/uploads/2017/05/cemmix3.jpg,54.0,216.0,648.0,Electric | 3 cu. ft. | Extension cord provided.
Concrete Equipment,Towable Cement Mixer,https://firststoprentals.com/wp-content/uploads/2026/01/Screen-Shot-2026-01-09-at-3.17.01-PM.png,100.0,400.0,1200.0,Electric | 6 cu. ft. | Extension cord provided.
Concrete Equipment,"Cement Vibrator Pencil 1""",https://firststoprentals.com/wp-content/uploads/2017/05/cemvib1.jpg,40.0,160.0,480.0,Extension cord provided.
Concrete Equipment,"Cement Vibrator 1.5""",https://firststoprentals.com/wp-content/uploads/2017/05/cemvib1.5.jpg,40.0,160.0,480.0,Extension cord provided.
Concrete Equipment,Cement Vibrator Pencil - Battery Powered,https://firststoprentals.com/wp-content/uploads/2026/01/Screen-Shot-2026-01-09-at-3.27.15-PM.png,40.0,160.0,480.0,Comes with battery & charger.
Concrete Equipment,"Diamond Coring Machine up to 4""",https://firststoprentals.com/wp-content/uploads/2017/05/diacorehand.jpg,85.0,340.0,1020.0,Extension cord provided. | Core bits extra.
Concrete Equipment,"Diamond Coring Machine up to 12""",https://firststoprentals.com/wp-content/uploads/2017/05/diacoredrillpress.jpg,68.0,272.0,816.0,Extension cord provided. | Core bits and anchors extra.
Concrete Equipment,"Drill 3/4""",https://firststoprentals.com/wp-content/uploads/2017/05/34indrill.jpg,8.0,32.0,96.0,Extension cord provided.
Concrete Equipment,Electric Chipper,https://firststoprentals.com/wp-content/uploads/2017/05/chipmak.jpg,70.0,280.0,840.0,Extension cord provided.
Concrete Equipment,Diamond Floor Grinder,https://firststoprentals.com/wp-content/uploads/2023/05/IMG_4271.jpg,200.0,800.0,2400.0,Floor Grinder | Vacuum
Concrete Equipment,Jack Hammer Air,https://firststoprentals.com/wp-content/uploads/2020/07/106098159_1620016738173554_713309936695896525_o.jpg,65.0,260.0,780.0,(Camera shy)
Concrete Equipment,Edco Floor Grinder,https://firststoprentals.com/wp-content/uploads/2017/05/edcogr.jpg,200.0,800.0,2400.0,Extension cord provided.
Concrete Equipment,Jack Hammer Electric,https://firststoprentals.com/wp-content/uploads/2017/05/jhame.jpg,80.0,320.0,960.0,Extension cord provided.
Concrete Equipment,Jack Hammer Gas,https://firststoprentals.com/wp-content/uploads/2020/07/106098159_1620016738173554_713309936695896525_o.jpg,140.0,560.0,1680.0,(Camera shy)
Concrete Equipment,Jack Hammer Battery,https://firststoprentals.com/wp-content/uploads/2023/05/Screen-Shot-2023-05-11-at-1.18.30-PM.png,65.0,260.0,780.0,
Concrete Equipment,Gas Trowel,https://firststoprentals.com/wp-content/uploads/2023/05/Screen-Shot-2023-05-11-at-1.20.51-PM.png,52.0,208.0,624.0,"36"" diameter | For finishing floors. | *Cleaning charges extra at $100/hr*"
Concrete Equipment,"Impact Drill 1/2""",https://firststoprentals.com/wp-content/uploads/2017/05/impact-gun12.jpg,44.0,176.0,528.0,Extension cord provided.
Concrete Equipment,"Interlock Wet Saw 10""",https://firststoprentals.com/wp-content/uploads/2017/05/10targetsaw.jpg,100.0,400.0,1200.0,(A.K.A. Target Saw) | Extension cord provided.
Concrete Equipment,"Interlock Wet Saw 14""",https://firststoprentals.com/wp-content/uploads/2017/05/14intargetsaw.jpg,100.0,400.0,1200.0,(A.K.A. Target saw) | Extension cord provided.
Concrete Equipment,Pavestone Breaker,https://firststoprentals.com/wp-content/uploads/2020/07/106098159_1620016738173554_713309936695896525_o.jpg,35.0,140.0,420.0,(Camera shy)
Concrete Equipment,"Rotary Hammer Drill up to 1""",https://firststoprentals.com/wp-content/uploads/2017/05/sdsdrillsm.jpg,68.0,272.0,816.0,Extension cord provided.
Concrete Equipment,"Rotary Hammer Drill up to 5""",https://firststoprentals.com/wp-content/uploads/2021/02/rhamsp.jpg,68.0,272.0,816.0,Extension cord provided.
Concrete Equipment,"Rotary Hammer Drill Up to 5""",https://firststoprentals.com/wp-content/uploads/2023/05/Screen-Shot-2023-05-11-at-1.29.09-PM.png,68.0,272.0,816.0,Battery powered.
Concrete Equipment,"Carbide Bits 1/2"" to 2 1/2"" dia",https://firststoprentals.com/wp-content/uploads/2017/05/drillbits.jpg,25.0,100.0,300.0,(Per inch in diameter)
Concrete Equipment,"Carbide Core Bits 2"" - 5"" dia",https://firststoprentals.com/wp-content/uploads/2017/05/corebitc.jpg,285.0,1140.0,3420.0,(Per inch)
Fastening,Finishing Nailer,https://firststoprentals.com/wp-content/uploads/2020/07/106098159_1620016738173554_713309936695896525_o.jpg,25.0,100.0,300.0,(Camera shy)
Fastening,Framing Nailer,https://firststoprentals.com/wp-content/uploads/2017/05/nailfr.jpg,33.0,132.0,396.0,
Fastening,Hardwood Floor Nailer,https://firststoprentals.com/wp-content/uploads/2020/07/106098159_1620016738173554_713309936695896525_o.jpg,200.0,800.0,2400.0,For exotic woods. | (Camera shy)
Fastening,Hardwood Floor Stapler Air,https://firststoprentals.com/wp-content/uploads/2017/05/stahd.jpg,30.0,120.0,360.0,
Fastening,Roofing Nailer,https://firststoprentals.com/wp-content/uploads/2017/05/nailro.jpg,33.0,132.0,396.0,
Fastening,Shingle Shovel,https://firststoprentals.com/wp-content/uploads/2020/07/106098159_1620016738173554_713309936695896525_o.jpg,14.0,56.0,168.0,(Camera shy)
Fastening,Subfloor Stapler Manual,https://firststoprentals.com/wp-content/uploads/2020/07/106098159_1620016738173554_713309936695896525_o.jpg,27.0,108.0,324.0,(Camera shy)
Fastening,Sub Floor Stapler Air,https://firststoprentals.com/wp-content/uploads/2017/05/stasfa.gif,27.0,108.0,324.0,
Fastening,Sub Floor Screw Gun,https://firststoprentals.com/wp-content/uploads/2017/05/sfscrewgun.jpg,42.0,168.0,504.0,Extension cord provided.
Flooring,Air Cooler,https://firststoprentals.com/wp-content/uploads/2023/05/Copy-of-IMG_7706-scaled.jpg,60.0,240.0,720.0,(Camera shy)
Flooring,Carpet Seam Iron,https://firststoprentals.com/wp-content/uploads/2017/05/carseam.jpg,25.0,100.0,300.0,
Flooring,Air Scrubber,https://firststoprentals.com/wp-content/uploads/2023/05/Screen-Shot-2023-05-11-at-1.36.07-PM.png,60.0,240.0,720.0,
Flooring,Carpet Stretcher,https://firststoprentals.com/wp-content/uploads/2017/05/carstr.jpg,20.0,80.0,240.0,
Flooring,Carpet Cleaner,https://firststoprentals.com/wp-content/uploads/2017/05/carclnr.jpg,40.0,160.0,480.0,Shampoo $13.25/bottle | Upholstrey extra
Flooring,Ceramic Tile Cutter,https://firststoprentals.com/wp-content/uploads/2017/05/cercutl.jpg,26.0,104.0,312.0,Small | Large
Flooring,Ceramic Tile Saw Wet,https://firststoprentals.com/wp-content/uploads/2017/05/cersawsk.jpg,100.0,400.0,1200.0,Small
Flooring,Ceramic Tile Saw Wet Large,https://firststoprentals.com/wp-content/uploads/2021/01/tilesawlg-scaled.jpg,100.0,400.0,1200.0,"24"" Tile Saw | 48"" Tile Saw | 100/Day"
Flooring,Dehumidifier,https://firststoprentals.com/wp-content/uploads/2021/01/dehum.jpg,40.0,160.0,480.0,
Flooring,Dehumidifier XL,https://firststoprentals.com/wp-content/uploads/2017/05/dehumlg.jpg,50.0,200.0,600.0,
Flooring,"Barrel Fan 24""",https://firststoprentals.com/wp-content/uploads/2020/07/106098159_1620016738173554_713309936695896525_o.jpg,45.0,180.0,540.0,(Camera shy)
Flooring,Carpet Fan,https://firststoprentals.com/wp-content/uploads/2017/05/fancar.jpg,28.0,112.0,336.0,
Flooring,Drum Fan,https://firststoprentals.com/wp-content/uploads/2017/05/fan42in.jpg,35.0,140.0,420.0,"36"" Diameter | 48"" Diameter | Extension cord provided."
Flooring,Pedestal Fan,https://firststoprentals.com/wp-content/uploads/2017/05/fanped.jpg,25.0,100.0,300.0,Extension cord provided.
Flooring,Regular Fan,https://firststoprentals.com/wp-content/uploads/2020/07/106098159_1620016738173554_713309936695896525_o.jpg,20.0,80.0,240.0,(Photo coming soon)
Flooring,"12"" Ventilation Fan",https://firststoprentals.com/wp-content/uploads/2017/05/fanbl12.jpg,44.0,176.0,528.0,
Flooring,"Floor Edger 7""",https://firststoprentals.com/wp-content/uploads/2017/05/edger.jpg,48.0,192.0,576.0,Discs extra.
Flooring,"Floor Maintainer 17""",https://firststoprentals.com/wp-content/uploads/2017/05/fm17.jpg,50.0,200.0,600.0,Polishing pads & sandpaper extra.
Flooring,Floor Sander Drum,https://firststoprentals.com/wp-content/uploads/2017/05/drumsand.jpg,68.0,272.0,816.0,Sandpaper extra.
Flooring,Floor Sander Orbitech,https://firststoprentals.com/wp-content/uploads/2017/05/orbit.jpg,56.0,224.0,672.0,"12"" x 18"" | Sandpaper, screens and pads extra."
Flooring,Floor Sander Orbitech,https://firststoprentals.com/wp-content/uploads/2017/05/orbitvac.jpg,56.0,224.0,672.0,"12"" x 18"" with Vacuum | Sandpaper, screens and pads extra."
Flooring,"Laminate Cutter 8""",https://firststoprentals.com/wp-content/uploads/2023/05/IMG_4249.jpg,17.0,68.0,204.0,
Flooring,Tile Roller,https://firststoprentals.com/wp-content/uploads/2017/05/tileroll.jpg,25.0,100.0,300.0,100 lb.
Flooring,Tile Remover,https://firststoprentals.com/wp-content/uploads/2020/07/106098159_1620016738173554_713309936695896525_o.jpg,15.0,60.0,180.0,Manual | (Camera shy)
Flooring,Tile Stripper Linoleum,https://firststoprentals.com/wp-content/uploads/2017/05/tilestrip.jpg,26.0,104.0,312.0,Extension cord provided.
Flooring,Tile Stripper Ceramic,https://firststoprentals.com/wp-content/uploads/2020/07/106098159_1620016738173554_713309936695896525_o.jpg,26.0,104.0,312.0,Extension cord provided. | (Camera shy)
Flooring,Upholstrey Attachment,https://firststoprentals.com/wp-content/uploads/2017/05/upatt.png,7.0,28.0,84.0,For carpet cleaner.
Flooring,Vacuum (Industrial),https://firststoprentals.com/wp-content/uploads/2017/05/vacind.jpg,60.0,240.0,720.0,
Generators/Welders,Generator 1900W,https://firststoprentals.com/wp-content/uploads/2017/05/gen1900w.jpg,55.0,220.0,660.0,
Generators/Welders,Generator 2800W,https://firststoprentals.com/wp-content/uploads/2017/05/gen2800w.jpg,60.0,240.0,720.0,
Generators/Welders,Generator 3000W,https://firststoprentals.com/wp-content/uploads/2017/05/gen3000w.jpg,70.0,280.0,840.0,
Generators/Welders,Generator 5500W,https://firststoprentals.com/wp-content/uploads/2017/05/gen5000w.jpg,55.0,220.0,660.0,
Generators/Welders,Generator 6500W,https://firststoprentals.com/wp-content/uploads/2020/07/106098159_1620016738173554_713309936695896525_o.jpg,55.0,220.0,660.0,Gas Powered | Diesel Powered | (Camera shy)
Generators/Welders,Inverter Generator 2000W,https://firststoprentals.com/wp-content/uploads/2023/05/Screen-Shot-2023-05-11-at-7.26.45-PM.png,62.0,248.0,744.0,Gas Powered
Generators/Welders,Inverter Generator 3500W,https://firststoprentals.com/wp-content/uploads/2023/05/Screen-Shot-2023-05-11-at-7.27.17-PM.png,72.0,288.0,864.0,
Generators/Welders,Generator 9000W,https://firststoprentals.com/wp-content/uploads/2021/01/gen9000w.jpg,100.0,400.0,1200.0,
Generators/Welders,Generator Plugs,https://firststoprentals.com/wp-content/uploads/2020/07/106098159_1620016738173554_713309936695896525_o.jpg,55.0,220.0,660.0,20 amp or 30 amp | (Camera shy)
Heaters,Heater 1500W Baseboard,https://firststoprentals.com/wp-content/uploads/2017/05/htr1500w.jpg,60.0,240.0,720.0,
Heaters,Heater 4800W Electric,https://firststoprentals.com/wp-content/uploads/2017/05/htr4800.jpg,44.0,176.0,528.0,(220 volt)
Heaters,Emergency Heater,https://firststoprentals.com/wp-content/uploads/2017/05/htr10000watt.jpg,54.0,216.0,648.0,"10,000 watt"
Heaters,Diesel Indirect Fired,https://firststoprentals.com/wp-content/uploads/2021/02/indfircampo.jpg,100.0,400.0,1200.0,"230,000 BTU"
Heaters,Kerosene Heater,https://firststoprentals.com/wp-content/uploads/2017/05/htrkero.jpg,34.0,136.0,408.0,"70,000 BTU"
Heaters,Propane Heater,https://firststoprentals.com/wp-content/uploads/2021/02/salamanderhtr.jpg,24.0,96.0,288.0,"Salamander70,000 BTU | *Must have COT to rent*"
Heaters,Propane Heater,https://firststoprentals.com/wp-content/uploads/2021/02/htrpr120btu.jpg,24.0,96.0,288.0,"120,000 BTU | *Must have COT to rent*"
Heaters,Propane Heater,https://firststoprentals.com/wp-content/uploads/2021/02/htrpr120btu.jpg,24.0,96.0,288.0,"200,000 BTU | *Must have COT to rent*"
Heaters,Propane Heater Radiant,https://firststoprentals.com/wp-content/uploads/2020/07/106098159_1620016738173554_713309936695896525_o.jpg,24.0,96.0,288.0,BBQ Style | *Must have COT to rent* | (Camera shy)
Lawn & Garden,Brush Cutter,https://firststoprentals.com/wp-content/uploads/2017/05/brucut.jpg,70.0,280.0,840.0,Metal blades provided.$35 to replace blade if damaged.
Lawn & Garden,Bush Hog,https://firststoprentals.com/wp-content/uploads/2021/01/bushhog.jpg,95.0,380.0,1140.0,"Billy Goat | Cuts up to 3/4"" saplings"
Lawn & Garden,Com-A-Long,https://firststoprentals.com/wp-content/uploads/2020/07/106098159_1620016738173554_713309936695896525_o.jpg,18.0,72.0,216.0,(Camera shy)
Lawn & Garden,Fence Stretcher,https://firststoprentals.com/wp-content/uploads/2017/05/fencestr.jpg,23.0,92.0,276.0,
Lawn & Garden,Hedge Trimmer Gas,https://firststoprentals.com/wp-content/uploads/2017/05/htrimmer.jpg,40.0,160.0,480.0,
Lawn & Garden,Invisible Fence Installer,https://firststoprentals.com/wp-content/uploads/2020/07/106098159_1620016738173554_713309936695896525_o.jpg,60.0,240.0,720.0,(Camera shy)
Lawn & Garden,Lawn Aerator Gas,https://firststoprentals.com/wp-content/uploads/2021/02/areatorgas.jpg,33.0,132.0,396.0,
Lawn & Garden,Lawn Comber / Dethatcher,https://firststoprentals.com/wp-content/uploads/2017/05/dthat.jpg,15.0,60.0,180.0,
Lawn & Garden,Lawn Mower Gas,https://firststoprentals.com/wp-content/uploads/2017/05/lmowerg.jpg,33.0,132.0,396.0,
Lawn & Garden,Lawn Roller 300 lb.,https://firststoprentals.com/wp-content/uploads/2017/05/lroll300.jpg,15.0,60.0,180.0,
Lawn & Garden,Lawn Roller 450 lb. Towable,https://firststoprentals.com/wp-content/uploads/2017/05/lroll450t.jpg,20.0,80.0,240.0,
Lawn & Garden,Lawn Seeder Fertilizer,https://firststoprentals.com/wp-content/uploads/2017/05/seeder.jpg,15.0,60.0,180.0,(Small)
Lawn & Garden,Lawn Seeder Towable,https://firststoprentals.com/wp-content/uploads/2017/05/seedert.gif,30.0,120.0,360.0,
Lawn & Garden,Lawn Sweeper Towable,https://firststoprentals.com/wp-content/uploads/2017/05/lsweep.gif,20.0,80.0,240.0,
Lawn & Garden,Leaf Blower-Backpack,https://firststoprentals.com/wp-content/uploads/2021/01/leafblow.jpg,48.0,192.0,576.0,
Lawn & Garden,Log Splitter 20 Ton,https://firststoprentals.com/wp-content/uploads/2017/05/lspliy.png,90.0,360.0,1080.0,Horizontal & Vertical
Lawn & Garden,Metal Detector,https://firststoprentals.com/wp-content/uploads/2017/05/metdet.jpg,34.0,136.0,408.0,
Lawn & Garden,Metal Detector Deep,https://firststoprentals.com/wp-content/uploads/2017/05/metdetcst.jpg,34.0,136.0,408.0,
Lawn & Garden,Overseeder,https://firststoprentals.com/wp-content/uploads/2023/05/Copy-of-IMG_7706-scaled.jpg,110.0,440.0,1320.0,(Camera shy)
Lawn & Garden,Post Driver,https://firststoprentals.com/wp-content/uploads/2021/01/pdriver.jpg,10.0,40.0,120.0,
Lawn & Garden,Parking Lot Sweeper,https://firststoprentals.com/wp-content/uploads/2023/05/Screen-Shot-2023-05-11-at-7.37.07-PM.png,100.0,400.0,1200.0,Gas Powered
Lawn & Garden,Post Hole Auger,https://firststoprentals.com/wp-content/uploads/2017/05/hydaug.jpg,85.0,340.0,1020.0,1-Man Hydraulic | (Auger Bits Extra)
Lawn & Garden,Pole Saw,https://firststoprentals.com/wp-content/uploads/2023/05/Screen-Shot-2023-05-11-at-7.41.24-PM.png,74.0,296.0,888.0,
Lawn & Garden,Post Hole Auger,https://firststoprentals.com/wp-content/uploads/2017/05/augman3.jpg,85.0,340.0,1020.0,Manual 3' or 6'
Lawn & Garden,Post Hole Auger Towable,https://firststoprentals.com/wp-content/uploads/2021/01/hydaugtow.jpg,100.0,400.0,1200.0,1-Man Hydraulic Towable | (Auger Bits Extra)
Lawn & Garden,Post Hole Auger,https://firststoprentals.com/wp-content/uploads/2017/05/aug2man.jpg,85.0,340.0,1020.0,2-Man | (Auger Bits Extra)
Lawn & Garden,Power Broom,https://firststoprentals.com/wp-content/uploads/2017/05/pbroom.bmp,84.0,336.0,1008.0,Best time to rent: First 3-4 weeks of Spring.
Lawn & Garden,Sod Cutter Gas,https://firststoprentals.com/wp-content/uploads/2017/05/sodcutg.jpg,110.0,440.0,1320.0,
Lawn & Garden,Stump Grinder,https://firststoprentals.com/wp-content/uploads/2017/05/stugring.jpg,140.0,560.0,1680.0,13HP
Lawn & Garden,Roto Tiller,https://firststoprentals.com/wp-content/uploads/2017/05/tillmin.jpg,26.0,104.0,312.0,Mini Tyne
Lawn & Garden,Roto Tiller,https://firststoprentals.com/wp-content/uploads/2017/05/tillfr.jpg,26.0,104.0,312.0,Front Tyne
Lawn & Garden,Tree Pruner,https://firststoprentals.com/wp-content/uploads/2017/05/treeprun.jpg,21.0,84.0,252.0,
Lawn & Garden,Roto Tiller,https://firststoprentals.com/wp-content/uploads/2017/05/tillmid.jpg,26.0,104.0,312.0,Mid Tyne
Lawn & Garden,Trencher,https://firststoprentals.com/wp-content/uploads/2023/05/Screen-Shot-2023-05-11-at-7.50.52-PM.png,155.0,620.0,1860.0,"24"""
Lawn & Garden,Roto Tiller,https://firststoprentals.com/wp-content/uploads/2023/05/Screen-Shot-2023-05-11-at-7.48.04-PM.png,26.0,104.0,312.0,Rear Tyne
Lawn & Garden,Trencher,https://firststoprentals.com/wp-content/uploads/2023/05/Screen-Shot-2023-05-11-at-7.56.50-PM.png,155.0,620.0,1860.0,"36"""
Lawn & Garden,Wood Chipper,https://firststoprentals.com/wp-content/uploads/2021/01/woodchip.jpg,175.0,700.0,2100.0,"Up to 4.5"" Diameter"
Loaders,Backhoe Kubota B21,https://firststoprentals.com/wp-content/uploads/2021/01/b21.jpg,275.0,1100.0,3300.0,(8 hours on the clock)
Loaders,Backhoe Bobcat 2025CT,https://firststoprentals.com/wp-content/uploads/2021/01/CT2025.jpg,275.0,1100.0,3300.0,(8 hours on the clock) | w/ Digging bucket
Loaders,Mini-Excavator Bobcat E10,https://firststoprentals.com/wp-content/uploads/2021/01/bobcate10.jpg,60.0,240.0,720.0,1 Ton | (8 hours on the clock) | Landscape bucket available.( )
Loaders,Mini-Excavator Bobcat E35,https://firststoprentals.com/wp-content/uploads/2023/05/Screen-Shot-2023-05-11-at-8.04.10-PM.png,60.0,240.0,720.0,4 Ton | (8 hours on the clock) | Landscape bucket available.( )
Loaders,Mini-Excavator Bobcat E20,https://firststoprentals.com/wp-content/uploads/2021/01/bobcate20.jpeg,60.0,240.0,720.0,2 Ton | (8 hours on the clock) | Landscape bucket available ( )
Loaders,Mini-Excavator Bobcat E26 w/ Thumb,https://firststoprentals.com/wp-content/uploads/2023/05/Screen-Shot-2023-05-11-at-8.00.33-PM.png,60.0,240.0,720.0,3 Ton | (8 hours on the clock) | Landscape bucket available.( )
Loaders,MT52 Mini Tracked Loader Skid Steer,https://firststoprentals.com/wp-content/uploads/2021/01/mt52bucket.png,275.0,1100.0,3300.0,With Bucket | (8 hours on the clock)
Loaders,MT52 Mini Tracked Loader Skid Steer,https://firststoprentals.com/wp-content/uploads/2021/01/mt52aug.jpg,275.0,1100.0,3300.0,"With Auger Attachment | (8 hours on the clock) | Bits:9"" = No charge12"" = 24"" = Auger Extension ="
Loaders,Mini Tracked Loader Skid Steer,https://firststoprentals.com/wp-content/uploads/2021/01/mt52jham.jpg,275.0,1100.0,3300.0,With Jack Hammer Attachment | (8 hours on the clock)
Loaders,Skid Steer on Wheels Bobcat S570,https://firststoprentals.com/wp-content/uploads/2023/05/Screen-Shot-2023-05-11-at-8.18.55-PM.png,275.0,1100.0,3300.0,(8 hours on the clock)
Loaders,Skid Steer on Tracks Bobcat T450,https://firststoprentals.com/wp-content/uploads/2021/01/bobcatt550.jpg,375.0,1500.0,4500.0,(8 hours on the clock)
Loaders,Skid Steer on Tracks Bobcat T66,https://firststoprentals.com/wp-content/uploads/2023/05/Screen-Shot-2023-05-11-at-8.25.28-PM.png,275.0,1100.0,3300.0,(8 hours on the clock)
Loaders,Skid Steer on Wheels Bobcat S450,https://firststoprentals.com/wp-content/uploads/2023/05/Screen-Shot-2023-05-11-at-8.20.51-PM.png,275.0,1100.0,3300.0,(8 hours on the clock) | $3420/Motnh
Loaders,Skid Steer on Tracks Bobcat T550,https://firststoprentals.com/wp-content/uploads/2021/01/bobcatt550.jpg,275.0,1100.0,3300.0,(8 hours on the clock)
Loaders,Skid Steer on Wheels Bobcat S550,https://firststoprentals.com/wp-content/uploads/2023/05/Screen-Shot-2023-05-11-at-8.22.17-PM.png,385.0,1540.0,4620.0,(8 hours on the clock)
Loaders,Skid Steer Forks,https://firststoprentals.com/wp-content/uploads/2021/01/skidforks.jpg,275.0,1100.0,3300.0,
Material Handling,Appliance Dolly,https://firststoprentals.com/wp-content/uploads/2017/05/40710S.jpg,22.0,88.0,264.0,
Material Handling,BilJax Boom Lift 35',https://firststoprentals.com/wp-content/uploads/2021/01/biljax.png,350.0,1400.0,4200.0,"Haulotte 3522A35' Boom Lift Towable unit (2"" ball)"
Material Handling,BilJax Boom Lift 45',https://firststoprentals.com/wp-content/uploads/2026/01/Screen-Shot-2026-01-09-at-3.59.10-PM.png,400.0,1600.0,4800.0,"Haulotte 4522A | 45' Boom Lift | Towable unit (2"" ball)"
Material Handling,Box Dolly,https://firststoprentals.com/wp-content/uploads/2017/05/83df8e94-ec8d-439f-921b-0f99ee62ccad_1.ac3476ba2716cb5e62f1c775a1059dba.jpeg,12.0,48.0,144.0,
Material Handling,Genie Lift,https://firststoprentals.com/wp-content/uploads/2021/02/genielift.jpg,80.0,320.0,960.0,Manual
Material Handling,Hydraulic Jacks,https://firststoprentals.com/wp-content/uploads/2020/07/106098159_1620016738173554_713309936695896525_o.jpg,85.0,340.0,1020.0,12 Ton | 30 Ton | (Camera shy)
Material Handling,Pallet Truck,https://firststoprentals.com/wp-content/uploads/2017/05/hand-pallet-trucks-p1.png,40.0,160.0,480.0,
Material Handling,Scissor Lift,https://firststoprentals.com/wp-content/uploads/2021/01/skyjack.jpg,150.0,600.0,1800.0,Skyjack 3219 | 19' Scissor Lift
Material Handling,Screw Jacks,https://firststoprentals.com/wp-content/uploads/2017/05/Mx2e1394.1L.jpg.png,12.0,48.0,144.0,(10 Ton)
Material Handling,Shoring Jacks,https://firststoprentals.com/wp-content/uploads/2020/07/106098159_1620016738173554_713309936695896525_o.jpg,10.0,40.0,120.0,(Camera shy)
Paint Equipment,Bakers Scaffold Aluminum,https://firststoprentals.com/wp-content/uploads/2017/05/scabak.jpg,24.0,96.0,288.0,*Per Section
Paint Equipment,Extension Ladder 24',https://firststoprentals.com/wp-content/uploads/2017/05/lad32.bmp,24.0,96.0,288.0,
Paint Equipment,Extension Ladder 32',https://firststoprentals.com/wp-content/uploads/2017/05/lad40.bmp,27.0,108.0,324.0,
Paint Equipment,Extension Ladder 40',https://firststoprentals.com/wp-content/uploads/2017/05/lad40.bmp,42.0,168.0,504.0,
Paint Equipment,Stairway Ladder,https://firststoprentals.com/wp-content/uploads/2017/05/ladst.jpg,36.0,144.0,432.0,
Paint Equipment,Line Marker,https://firststoprentals.com/wp-content/uploads/2017/05/linepntr.gif,28.0,112.0,336.0,
Paint Equipment,Shingle Ladder,https://firststoprentals.com/wp-content/uploads/2017/05/ladshin.jpg,95.0,380.0,1140.0,(Gas powered)2 extensions available
Paint Equipment,Step Ladder 10',https://firststoprentals.com/wp-content/uploads/2017/05/lad10.bmp,16.0,64.0,192.0,
Paint Equipment,Step Ladder 12',https://firststoprentals.com/wp-content/uploads/2017/05/lad12.bmp,18.0,72.0,216.0,
Paint Equipment,Texture Gun,https://firststoprentals.com/wp-content/uploads/2017/05/texgun-1.jpg,70.0,280.0,840.0,
Paint Equipment,Texture Gun w Compressor,https://firststoprentals.com/wp-content/uploads/2021/01/texgun.jpg,70.0,280.0,840.0,
Paint Equipment,Wallpaper Steamer,https://firststoprentals.com/wp-content/uploads/2017/05/wpsteam.jpg,33.0,132.0,396.0,Comes with scrolling tool.
Plumbing,"Pipe Cutter 2""",https://firststoprentals.com/wp-content/uploads/2017/05/spipecut.jpg,15.0,60.0,180.0,
Plumbing,"Pipe Die Adjustable 1"" - 2""",https://firststoprentals.com/wp-content/uploads/2017/05/pdie1-2.jpg,22.0,88.0,264.0,Pipe Dies(Each)
Plumbing,Pipe Threader Electric,https://firststoprentals.com/wp-content/uploads/2023/05/Screen-Shot-2023-05-11-at-8.33.00-PM.png,74.0,296.0,888.0,
Plumbing,Pipe Reamer,https://firststoprentals.com/wp-content/uploads/2020/07/106098159_1620016738173554_713309936695896525_o.jpg,16.0,64.0,192.0,(Camera shy)
Plumbing,Pipe Threader Ratchet,https://firststoprentals.com/wp-content/uploads/2021/02/pipethread.jpg,14.0,56.0,168.0,(Camera shy)
Plumbing,Pipe Thawer Electric,https://firststoprentals.com/wp-content/uploads/2017/05/pthawel.jpg,74.0,296.0,888.0,
Plumbing,Pipe Thawer Air Assist,https://firststoprentals.com/wp-content/uploads/2020/07/106098159_1620016738173554_713309936695896525_o.jpg,90.0,360.0,1080.0,(Camera shy)
Plumbing,"Pipe Wrench (36"")",https://firststoprentals.com/wp-content/uploads/2020/07/106098159_1620016738173554_713309936695896525_o.jpg,20.0,80.0,240.0,(Camera shy)
Plumbing,Sewer Rod,https://firststoprentals.com/wp-content/uploads/2017/05/sewrod.jpg,38.0,152.0,456.0,
Plumbing,Sewer Snake,https://firststoprentals.com/wp-content/uploads/2017/05/sna25m.jpg,38.0,152.0,456.0,"5/16"" x 25' | Manual"
Plumbing,Sewer Snake,https://firststoprentals.com/wp-content/uploads/2017/05/sna35e.jpg,38.0,152.0,456.0,"5/16"" x 25' | Electric"
Plumbing,Sewer Snake,https://firststoprentals.com/wp-content/uploads/2017/05/sna100el.jpg,38.0,152.0,456.0,"1/2"" x 100'"
Plumbing,Sewer Snake,https://firststoprentals.com/wp-content/uploads/2017/05/sna50m.jpg,38.0,152.0,456.0,"1/2"" x 50' | Manual"
Plumbing,Toilet Snake,https://firststoprentals.com/wp-content/uploads/2017/05/snatoi.jpg,18.0,72.0,216.0,
Plumbing,Sewer Snake Inspection Camera,https://firststoprentals.com/wp-content/uploads/2023/05/Copy-of-IMG_7706-scaled.jpg,190.0,760.0,2280.0,Locator Available (extra) | (Camera shy)
Plumbing,Soil Pipe Cutter,https://firststoprentals.com/wp-content/uploads/2023/05/Screen-Shot-2023-05-11-at-8.36.37-PM.png,40.0,160.0,480.0,
Pressure Washers,1500 PSI Electric,https://firststoprentals.com/wp-content/uploads/2017/05/pwash1.5.jpg,60.0,240.0,720.0,
Pressure Washers,3600 PSI Gas,https://firststoprentals.com/wp-content/uploads/2017/05/pwash1.5.jpg,80.0,320.0,960.0,
Pressure Washers,2000 PSI Gas,https://firststoprentals.com/wp-content/uploads/2017/05/pwash2g.jpg,80.0,320.0,960.0,
Pressure Washers,Pressure Washer Extendable Wand,https://firststoprentals.com/wp-content/uploads/2021/01/pwashwand.jpg,14.0,56.0,168.0,18'
Pressure Washers,3000 PSI Gas,https://firststoprentals.com/wp-content/uploads/2017/05/pwash3g.jpg,90.0,360.0,1080.0,
Saws,Chain Saw (Gas),https://firststoprentals.com/wp-content/uploads/2017/05/chsaw.jpg,52.0,208.0,624.0,"16"" or 18"" Bars | Mixed fuel and chain oil supplied."
Saws,Chop Saw,https://firststoprentals.com/wp-content/uploads/2017/05/chosaw.jpg,44.0,176.0,528.0,"Electric 14"" | Extension cord provided."
Saws,Chain Saw (Gas),https://firststoprentals.com/wp-content/uploads/2017/05/chsaw.jpg,52.0,208.0,624.0,"24"" Bar | Mixed fuel and chain oil supplied."
Saws,"Circular Saw 8""",https://firststoprentals.com/wp-content/uploads/2021/01/skillsaw.jpg,100.0,400.0,1200.0,Extension cord provided.
Saws,Chain Saw (Battery),https://firststoprentals.com/wp-content/uploads/2021/01/chsawbat.png,52.0,208.0,624.0,"10"" or 12"" Bar | Chain oil supplied."
Saws,Compound Mitre Saw,https://firststoprentals.com/wp-content/uploads/2017/05/mitresaw-1.jpg,44.0,176.0,528.0,Extension cord provided.
Saws,Jig Saw,https://firststoprentals.com/wp-content/uploads/2021/01/jigsaww.jpg,20.0,80.0,240.0,Extension cord provided.
Saws,Pole Saw,https://firststoprentals.com/wp-content/uploads/2021/01/chsawpole.jpg,74.0,296.0,888.0,Mixed fuel and chain oil supplied.
Saws,"Quick Cut 12""",https://firststoprentals.com/wp-content/uploads/2017/05/qcutele12in-1.jpg,58.0,232.0,696.0,Electric | Extension cord provided.
Saws,"Quick Cut 12""",https://firststoprentals.com/wp-content/uploads/2021/01/qcut.jpg,58.0,232.0,696.0,Gas | Mixed fuel provided.Diamond blade rental extra. ( )
Saws,"Quick Cut 14""",https://firststoprentals.com/wp-content/uploads/2023/05/Screen-Shot-2023-05-11-at-8.50.23-PM.png,65.0,260.0,780.0,Battery | Diamond blade rental extra. ( )
Saws,"Quick Cut 14""",https://firststoprentals.com/wp-content/uploads/2017/05/qcut14g-1.jpg,65.0,260.0,780.0,Gas | Mixed fuel supplied. | Diamond blade rental extra. ( )
Saws,"Road Saw 14""",https://firststoprentals.com/wp-content/uploads/2021/01/sawroad14.jpg,100.0,400.0,1200.0,Gas | Diamond blade rental extra.( )
Saws,"Quick Cut 8""",https://firststoprentals.com/wp-content/uploads/2023/05/Screen-Shot-2023-05-11-at-8.51.48-PM.png,65.0,260.0,780.0,Battery | Diamond blade rental extra.( )
Saws,"Road Saw 18""",https://firststoprentals.com/wp-content/uploads/2021/01/Sawroad18.jpg,145.0,580.0,1740.0,Gas | Diamond blade rental extra. ( )
Saws,Sawzall,https://firststoprentals.com/wp-content/uploads/2023/05/Screen-Shot-2023-05-11-at-8.47.26-PM.png,24.0,96.0,288.0,Electric
Saws,Undercut Saw,https://firststoprentals.com/wp-content/uploads/2023/05/Screen-Shot-2023-05-11-at-8.55.15-PM.png,44.0,176.0,528.0,Electric
Scaffolding,Banana Clips,https://firststoprentals.com/wp-content/uploads/2021/01/banclips.jpg,1.0,4.0,12.0,
Scaffolding,Boom & Pulley,https://firststoprentals.com/wp-content/uploads/2021/01/scaboom.jpg,13.0,52.0,156.0,
Scaffolding,"Casters 8""",https://firststoprentals.com/wp-content/uploads/2017/05/scawhe.jpg,4.0,16.0,48.0,each
Scaffolding,Feet,https://firststoprentals.com/wp-content/uploads/2017/05/scaft.jpg,2.0,8.0,24.0,
Scaffolding,Hand Rail System,https://firststoprentals.com/wp-content/uploads/2017/05/sacrail.jpg,15.0,60.0,180.0,
Scaffolding,Levellers,https://firststoprentals.com/wp-content/uploads/2017/05/scalev.jpg,5.0,20.0,60.0,
Scaffolding,Plank Extensions,https://firststoprentals.com/wp-content/uploads/2017/05/scashe.jpg,5.0,20.0,60.0,
Scaffolding,Scaffold Section,https://firststoprentals.com/wp-content/uploads/2021/01/scasec.jpg,10.0,40.0,120.0,"2 Ends, 2 Braces"
Scaffolding,Scaffold End (2.5'x5'),https://firststoprentals.com/wp-content/uploads/2023/05/Screen-Shot-2023-05-11-at-8.58.29-PM.png,4.0,16.0,48.0,
Scaffolding,Scaffold Braces (7' or 10'),https://firststoprentals.com/wp-content/uploads/2021/02/scabr.jpg,2.0,8.0,24.0,
Scaffolding,Scaffold Planks (7' or 10'),https://firststoprentals.com/wp-content/uploads/2017/05/scapl7.jpg,2.0,8.0,24.0,
Scaffolding,Scaffold End (5'x5'),https://firststoprentals.com/wp-content/uploads/2017/05/scaend.jpg,4.0,16.0,48.0,
Water Pumps,"Diaphragm Pump 2""",https://firststoprentals.com/wp-content/uploads/2017/05/pump2inmud.jpg,85.0,340.0,1020.0,
Water Pumps,Discharge Hoses,https://firststoprentals.com/wp-content/uploads/2017/05/hose3x50.jpg,8.0,32.0,96.0,"2"" x 50' or  3"" x 50' | Extra hose"
Water Pumps,Puddle Pump,https://firststoprentals.com/wp-content/uploads/2017/05/pumppud.jpg,25.0,100.0,300.0,
Water Pumps,"Semi-Trash Gas 2""",https://firststoprentals.com/wp-content/uploads/2017/05/pump2intr.jpg,62.0,248.0,744.0,
Water Pumps,"Sub-mersible Pump Electric 2""",https://firststoprentals.com/wp-content/uploads/2017/05/pump2insub.jpg,38.0,152.0,456.0,
Water Pumps,"Semi-Trash Gas 3""",https://firststoprentals.com/wp-content/uploads/2017/05/pump3intr.jpg,90.0,360.0,1080.0,
Water Pumps,"Sub-mersible Pump Electric 3""",https://firststoprentals.com/wp-content/uploads/2021/01/3insub.jpg,48.0,192.0,576.0,120 v | $68Day
Water Pumps,"Semi-Trash Diesel 4""",https://firststoprentals.com/wp-content/uploads/2023/05/Copy-of-IMG_7706-scaled.jpg,100.0,400.0,1200.0,(Camera shy)
Water Pumps,Waterbed Pump,https://firststoprentals.com/wp-content/uploads/2017/05/pumpwbed.jpg,25.0,100.0,300.0,
Automotive,Angle Drill 1/2In,,44.0,176.0,528.0,
Automotive,Axle Stands,,20.0,80.0,240.0,
Other,Ch Hoist,,28.0,112.0,336.0,
Other,Floor Jack 2 Ton,,20.0,80.0,240.0,
Automotive,Mag Drill,,90.0,360.0,1080.0,
Other,Porta Power,,45.0,180.0,540.0,
Automotive,Puller Harmonic,,16.0,64.0,192.0,
Other,Twrench3/8,,19.0,76.0,228.0,
Carpenter Tools,Albrake,,85.0,340.0,1020.0,
Other,Fl Lt Med,,28.0,112.0,336.0,
Other,Fl Ltlg,,40.0,160.0,480.0,
Lawn & Garden,Ins Blower,,80.0,320.0,960.0,
Carpenter Tools,Mitre Saw,,44.0,176.0,528.0,
Carpenter Tools,Panel Lift 11,,42.0,168.0,504.0,
Carpenter Tools,Panel Lift 14,,44.0,176.0,528.0,
Carpenter Tools,Prybar,,10.0,40.0,120.0,
Carpenter Tools,Tape Measure 100Ft,,12.0,48.0,144.0,
Other,Compa100,,58.0,232.0,696.0,
Other,Compa1100,,140.0,560.0,1680.0,
Other,Compa1300,,200.0,800.0,2400.0,
Other,Compa160,,58.0,232.0,696.0,
Other,Compa200,,60.0,240.0,720.0,
Other,Compa400,,75.0,300.0,900.0,
Other,Compa500,,75.0,300.0,900.0,
Other,Compapad,,11.0,44.0,132.0,
Other,Htamper,,10.0,40.0,120.0,
Other,Jjack,,70.0,280.0,840.0,
Compressors,Air Hose 1/4X50,,8.0,32.0,96.0,
Compressors,Chipper 15Lb,,42.0,168.0,504.0,
Compressors,Hood For Above,,10.0,40.0,120.0,
Other,Cem Vib 1.5In,,40.0,160.0,480.0,
Other,Cem Vib Pencil,,40.0,160.0,480.0,
Other,Cem Vib Pencil Bat,,40.0,160.0,480.0,
Concrete Equipment,Cement Mixer 3 Bag,,54.0,216.0,648.0,
Concrete Equipment,Cement Mixer Towable,,100.0,400.0,1200.0,
Other,Dia Fl Grinder,,200.0,800.0,2400.0,
Flooring,Dia Fl Grinder Vacuum,,60.0,240.0,720.0,
Compressors,Electric Chipper Hitachi,,70.0,280.0,840.0,
Other,Rotary Hammer Drill Battery,,68.0,272.0,816.0,
Other,Rotary Hammer Small Cw 1/2In Bit,,40.0,160.0,480.0,
Other,Screed,,80.0,320.0,960.0,
Other,Screed Bat,,80.0,320.0,960.0,
Fastening,Hardwood Stapler,,30.0,120.0,360.0,
Carpenter Tools,Nailer Finishing,,25.0,100.0,300.0,
Carpenter Tools,Nailer Framing,,33.0,132.0,396.0,
Carpenter Tools,Nailer Roofing,,33.0,132.0,396.0,
Flooring,Ceramic Tile Saw Lg 48In,,100.0,400.0,1200.0,
Flooring,Ceramic Tile Saw Med 24In,,50.0,200.0,600.0,
Flooring,Ceramic Tile Saw Sm,,30.0,120.0,360.0,
Other,Diamond Attachfor Above,,40.0,160.0,480.0,
Flooring,Fan Barrel,,45.0,180.0,540.0,
Flooring,Fan Carpet,,28.0,112.0,336.0,
Other,Fan Drum 36In,,35.0,140.0,420.0,
Other,Fan Drum 48In,,40.0,160.0,480.0,
Flooring,Fan Pedestal,,25.0,100.0,300.0,
Other,Fan Regular,,20.0,80.0,240.0,
Flooring,Fan Ventilation 12In,,44.0,176.0,528.0,
Flooring,Fan Ventilation 8In,,34.0,136.0,408.0,
Flooring,Floor Drum Sander,,68.0,272.0,816.0,
Flooring,Floor Sander Orbitech With Vac,,68.0,272.0,816.0,
Flooring,Laminate Floor Cutter,,17.0,68.0,204.0,
Flooring,Sanding Attach For Above,,10.0,40.0,120.0,
Flooring,Tile Remover Manual,,15.0,60.0,180.0,
Flooring,Tile Roller 100 Lb,,25.0,100.0,300.0,
Flooring,Vacuum,,40.0,160.0,480.0,
Generators/Welders,Plugs 20Amp,,5.0,20.0,60.0,
Generators/Welders,Plugs 30Amp,,5.0,20.0,60.0,
Generators/Welders,Suitcase 2000W Inverter,,62.0,248.0,744.0,
Generators/Welders,Suitcase 3500W Inverter,,72.0,288.0,864.0,
Other,10000 W Electric 240V,,45.0,180.0,540.0,
Heaters,10000W Emergency Heater 240,,45.0,180.0,540.0,
Heaters,1500W Baseboard Heater,,12.0,48.0,144.0,
Other,1500W Construction Htr,,16.0,64.0,192.0,
Other,4800W Electric 220V,,14.0,56.0,168.0,
Heaters,Diesel Ind Fired 230000 Btu,,100.0,400.0,1200.0,
Heaters,Propane 150000Btu Salamander,,30.0,120.0,360.0,
Heaters,Propane 70000 Btu,,34.0,136.0,408.0,
Other,10In,,6.0,24.0,72.0,
Other,12In,,8.0,32.0,96.0,
Other,14In,,11.0,44.0,132.0,
Other,8In,,4.0,16.0,48.0,
Other,Aerator,,72.0,288.0,864.0,
Compressors,Branch Chipper,,175.0,700.0,2100.0,
Other,Dethatcher,,90.0,360.0,1080.0,
Other,Front Tyne,,75.0,300.0,900.0,
Lawn & Garden,Hedge Trim G,,42.0,168.0,504.0,
Other,Inv Fence Installer,,60.0,240.0,720.0,
Lawn & Garden,Landscape Rake,,12.0,48.0,144.0,
Lawn & Garden,Lawn Sweeper,,34.0,136.0,408.0,
Lawn & Garden,Log Splitter 20 Ton Hor/Vert,,90.0,360.0,1080.0,
Other,Mid Tyne,,85.0,340.0,1020.0,
Other,Mini,,60.0,240.0,720.0,
Other,Pavestone Vac,,120.0,480.0,1440.0,
Lawn & Garden,Post Hole Auger Hydraulic 1Man,,85.0,340.0,1020.0,
Lawn & Garden,Post Hole Auger Hydraulic Towable,,100.0,400.0,1200.0,
Lawn & Garden,Post Hole Auger Man 3Ft/6Ft,,12.0,48.0,144.0,
Other,Rear Tyne,,100.0,400.0,1200.0,
Lawn & Garden,Trencher 2Ft,,155.0,620.0,1860.0,
Lawn & Garden,Trencher 3Ft,,200.0,800.0,2400.0,
Lawn & Garden,Wheelbarrow,,15.0,60.0,180.0,
Lawn & Garden,Whipper Snipper,,40.0,160.0,480.0,
Other,12In Bit,,18.0,72.0,216.0,
Other,24In Bit,,40.0,160.0,480.0,
Loaders,Backhoe 20Hp,,275.0,1100.0,3300.0,
Loaders,Backhoe 25 Hp,,285.0,1140.0,3420.0,
Loaders,Mini-Excavator 1 Ton,,240.0,960.0,2880.0,
Loaders,Mini-Excavator 2 Ton,,285.0,1140.0,3420.0,
Loaders,Mini-Excavator 3 Ton,,330.0,1320.0,3960.0,
Loaders,Mini-Excavator 4 Ton,,350.0,1400.0,4200.0,
Loaders,Mt100,,290.0,1160.0,3480.0,
Loaders,Mt52,,250.0,1000.0,3000.0,
Loaders,Mt52 Aug Attach,,150.0,600.0,1800.0,
Loaders,Mt52 Jham Attach,,200.0,800.0,2400.0,
Loaders,Skid Steer S450,,275.0,1100.0,3300.0,
Loaders,Skid Steer S550,,385.0,1540.0,4620.0,
Loaders,Skid Steer S570,,275.0,1100.0,3300.0,
Loaders,Skid Steer S70,,250.0,1000.0,3000.0,
Loaders,Skid Steer T450,,375.0,1500.0,4500.0,
Paint Equipment,Bakers Scaffold,,24.0,96.0,288.0,
Material Handling,Biljax 35Ft,,350.0,1400.0,4200.0,
Material Handling,Biljax 45Ft,,400.0,1600.0,4800.0,
Other,Ladder 24Ft,,24.0,96.0,288.0,
Other,Ladder 32Ft,,27.0,108.0,324.0,
Other,Ladder 40Ft,,42.0,168.0,504.0,
Other,Manlift Small Electric,,140.0,560.0,1680.0,
Material Handling,Scissor Lift 19Ft Slab,,150.0,600.0,1800.0,
Material Handling,Scissor Lift 25Ft Slab,,180.0,720.0,2160.0,
Other,Text Gun Only,,20.0,80.0,240.0,
Other,Dies Fror Above,,10.0,40.0,120.0,
Plumbing,Pex Crimpers,,16.0,64.0,192.0,
Other,Pipe Vice Stand,,21.0,84.0,252.0,
Plumbing,Sewer Rod 100Ft,,38.0,152.0,456.0,
Plumbing,Snake Electric 1/2 X 100 Ft,,92.0,368.0,1104.0,
Plumbing,Snake Electric 5/16 X 25Ft,,44.0,176.0,528.0,
Plumbing,Snake Electric 5/8 X 100 Ft,,100.0,400.0,1200.0,
Plumbing,Snake Insp Camera,,190.0,760.0,2280.0,
Plumbing,Snake Manual 1/2 X 50,,44.0,176.0,528.0,
Plumbing,Snake Manualm 5/16X 25,,20.0,80.0,240.0,
Plumbing,Snake Toilet,,18.0,72.0,216.0,
Other,Extendable Wand,,14.0,56.0,168.0,
Pressure Washers,Pressure Washer 1500Psi Electric,,60.0,240.0,720.0,
Pressure Washers,Pressure Washer 2000Psi Gas,,80.0,320.0,960.0,
Pressure Washers,Pressure Washer 3000Psi Gas,,90.0,360.0,1080.0,
Pressure Washers,Pressure Washer 4000Psi Gas,,100.0,400.0,1200.0,
Lawn & Garden,Chain Saw Gas 16/18In,,52.0,208.0,624.0,
Lawn & Garden,Chain Saw Gas 24In,,62.0,248.0,744.0,
Other,Chop Saw Electric,,44.0,176.0,528.0,
Other,Dia Blade Rental 12In,,28.0,112.0,336.0,
Other,Dia Blade Rental 14In,,30.0,120.0,360.0,
Other,Dia Blade Rental 18In,,45.0,180.0,540.0,
Other,Quick Cut Bat 14 In,,65.0,260.0,780.0,
Other,Quick Cut Gas 12In,,58.0,232.0,696.0,
Other,Quick Cut Gas 14In,,65.0,260.0,780.0,
Other,Quick Cut Gas Bat 9In,,60.0,240.0,720.0,
Other,Road Saw Gas 14In,,100.0,400.0,1200.0,
Other,Road Saw Gas 18In,,145.0,580.0,1740.0,
Water Pumps,2In Hoses W/Pump,,9.0,36.0,108.0,
Water Pumps,3In Hoses W/Pump,,10.0,40.0,120.0,
Water Pumps,4In Hoses W/Pump,,12.0,48.0,144.0,
Fastening,Puddle Pump/Roofers Pump,,25.0,100.0,300.0,
Water Pumps,Semi-Trash 2In,,60.0,240.0,720.0,
Water Pumps,Semi-Trash 3In,,75.0,300.0,900.0,
Water Pumps,Semi-Trash 4In,,100.0,400.0,1200.0,
Water Pumps,Submersible Pump 2In 120V,,38.0,152.0,456.0,
Water Pumps,Submersible Pump 3In 120V,,48.0,192.0,576.0,
Water Pumps,Submersible Pump 3In 240 V,,80.0,320.0,960.0,
